"nsnps"	"hit1"	"hit2"	"PP.H0.abf"	"PP.H1.abf"	"PP.H2.abf"	"PP.H3.abf"	"PP.H4.abf"	"idx1"	"idx2"	"trait1"	"locus_id1"	"trait2"	"locus_id2"	"region"	"nSNPs"	"gene"
1919	"rs430848"	"rs9311265"	4.52262187711682e-07	3.24733046475828e-05	0.0137265578595146	0.98559225351184	0.000648263061810751	2	1	"cortical_grl"	30	"trunk_grl"	107	"chr7:19925319-55281213"	94913	"CTNNB1"
1919	"rs7630377"	"rs9311265"	3.0469130437256e-09	3.87480843056739e-06	9.24765088127864e-05	0.115835731046878	0.884067914588964	1	1	"cortical_grl"	30	"trunk_grl"	107	"chr7:19925319-55281213"	94913	"CTNNB1"
