"nsnps"	"hit1"	"hit2"	"PP.H0.abf"	"PP.H1.abf"	"PP.H2.abf"	"PP.H3.abf"	"PP.H4.abf"	"idx1"	"idx2"	"trait1"	"locus_id1"	"trait2"	"locus_id2"	"region"	"nSNPs"	"gene"
2529	"rs6813340"	"rs11936911"	3.41019548655199e-26	1.41052609956237e-19	4.98528052441685e-08	0.204610546631931	0.795389403515267	1	1	"cortical_grl"	20	"limb_grl"	64	"chr4:17338304-18416110"	2529	"LCORL"
2529	"rs6813340"	"rs4144829"	2.60522666130101e-22	1.07757464800245e-15	2.41767562604803e-07	0.999999731417639	2.68147970840179e-08	1	2	"cortical_grl"	20	"limb_grl"	64	"chr4:17338304-18416110"	2529	"LCORL"
