"nsnps"	"hit1"	"hit2"	"PP.H0.abf"	"PP.H1.abf"	"PP.H2.abf"	"PP.H3.abf"	"PP.H4.abf"	"idx1"	"idx2"	"trait1"	"locus_id1"	"trait2"	"locus_id2"	"region"	"nSNPs"	"gene"
2402	"rs79583983"	"rs9442571"	1.99962941520117e-11	1.86887889169317e-08	0.00106879685013227	0.998910986585455	2.01978556275735e-05	1	1	"cortical_grl"	2	"limb_grl"	1	"chr1:8846137-10238997"	2402	"PIK3CD"
2402	"rs79583983"	"rs76822479"	0.000149926505666691	0.140123204637699	0.000914635311802192	0.854821726345322	0.00399050719950956	1	2	"cortical_grl"	2	"limb_grl"	1	"chr1:8846137-10238997"	2402	"PIK3CD"
