"nsnps"	"hit1"	"hit2"	"PP.H0.abf"	"PP.H1.abf"	"PP.H2.abf"	"PP.H3.abf"	"PP.H4.abf"	"idx1"	"idx2"	"trait1"	"locus_id1"	"trait2"	"locus_id2"	"region"	"nSNPs"	"gene"
2248	"rs2903385"	"rs2903385"	3.14423995434228e-22	2.30283463385643e-07	3.42610340807934e-18	0.000510291870283321	0.999489477846255	1	1	"limb_grl"	70	"trunk_grl"	94	"chr4:105613841-106680233"	2248	"TET2"
2248	"rs143847362"	"rs2903385"	7.93912419677459e-12	9.1755939414001e-05	8.65082209459566e-08	0.999813250963469	9.49065809567638e-05	2	1	"limb_grl"	70	"trunk_grl"	94	"chr4:105613841-106680233"	2248	"TET2"
