"nsnps"	"hit1"	"hit2"	"PP.H0.abf"	"PP.H1.abf"	"PP.H2.abf"	"PP.H3.abf"	"PP.H4.abf"	"idx1"	"idx2"	"trait1"	"locus_id1"	"trait2"	"locus_id2"	"region"	"nSNPs"	"gene"
5456	"rs6973059"	"rs3757727"	9.42431681271083e-16	5.65390389920086e-12	1.91928910408073e-05	0.113370150507883	0.886610656595423	1	1	"cortical_grl"	30	"limb_grl"	107	"chr7:19101819-20925320"	5456	"ITGB8"
