"nsnps"	"hit1"	"hit2"	"PP.H0.abf"	"PP.H1.abf"	"PP.H2.abf"	"PP.H3.abf"	"PP.H4.abf"	"idx1"	"idx2"	"trait1"	"locus_id1"	"trait2"	"locus_id2"	"region"	"nSNPs"	"gene"
2160	"rs75116927"	"rs42043"	4.24786797691052e-19	3.24415917879086e-17	0.0129231249083237	0.986957796270034	0.000119078821644797	3	1	"cortical_grl"	33	"limb_grl"	111	"chr7:91753630-93169239"	2160	"CDK6"
2160	"rs42039"	"rs42043"	1.33294313489071e-24	8.58263607227245e-19	4.0551614884259e-08	0.0241589406577435	0.975841018790641	1	1	"cortical_grl"	33	"limb_grl"	111	"chr7:91753630-93169239"	2160	"CDK6"
2160	"rs12704649"	"rs42043"	1.31627169370825e-20	3.28570034138238e-17	0.000400444260592444	0.999595934859257	3.62088014962547e-06	2	1	"cortical_grl"	33	"limb_grl"	111	"chr7:91753630-93169239"	2160	"CDK6"
2160	"rs75116927"	"rs42039"	7.1418186667856e-60	5.45431183526641e-58	0.0129231343143856	0.986958516083209	0.000118349602400629	3	1	"cortical_grl"	33	"trunk_grl"	161	"chr7:91753630-93169239"	2160	"CDK6"
2160	"rs42039"	"rs42039"	1.43341846851634e-65	9.22958281754343e-60	2.59377341565785e-08	0.0147304083417243	0.985269565720537	1	1	"cortical_grl"	33	"trunk_grl"	161	"chr7:91753630-93169239"	2160	"CDK6"
2160	"rs12704649"	"rs42039"	2.21300806946301e-61	5.52414931056639e-58	0.000400444226531469	0.999595849665184	3.70610829256525e-06	2	1	"cortical_grl"	33	"trunk_grl"	161	"chr7:91753630-93169239"	2160	"CDK6"
2160	"rs75116927"	"rs3731321"	8.38474289763417e-06	0.000640355132998859	0.0101705030177969	0.776310516328923	0.212870240777384	3	2	"cortical_grl"	33	"trunk_grl"	161	"chr7:91753630-93169239"	2160	"CDK6"
2160	"rs42039"	"rs3731321"	1.27926435207793e-09	0.00082370058307225	1.55171865282114e-06	0.999130041134172	4.47052848400735e-05	1	2	"cortical_grl"	33	"trunk_grl"	161	"chr7:91753630-93169239"	2160	"CDK6"
2160	"rs12704649"	"rs3731321"	3.29506483833596e-07	0.000822519827475468	0.000399683893606184	0.997695737319592	0.00108172945284183	2	2	"cortical_grl"	33	"trunk_grl"	161	"chr7:91753630-93169239"	2160	"CDK6"
2160	"rs42039"	"rs42043"	1.10072363057092e-75	1.99176148045333e-18	3.34868904700692e-59	0.0587120153395316	0.941287984660464	1	1	"limb_grl"	111	"trunk_grl"	161	"chr7:91753630-93169239"	2160	"CDK6"
2160	"rs3731321"	"rs42043"	2.70747743587544e-20	3.28410873993021e-17	0.000823685417731225	0.999111605912596	6.47086696751075e-05	2	1	"limb_grl"	111	"trunk_grl"	161	"chr7:91753630-93169239"	2160	"CDK6"
