"nsnps"	"hit1"	"hit2"	"PP.H0.abf"	"PP.H1.abf"	"PP.H2.abf"	"PP.H3.abf"	"PP.H4.abf"	"idx1"	"idx2"	"trait1"	"locus_id1"	"trait2"	"locus_id2"	"region"	"nSNPs"	"gene"
1917	"rs1234214"	"rs1044322"	1.61121899668298e-07	0.0572139032352002	2.65255879229754e-06	0.941913931237048	0.000869351847059671	1	1	"cortical_grl"	44	"trunk_grl"	211	"chr10:89195453-90208342"	1917	"PTEN"
