"nsnps"	"hit1"	"hit2"	"PP.H0.abf"	"PP.H1.abf"	"PP.H2.abf"	"PP.H3.abf"	"PP.H4.abf"	"idx1"	"idx2"	"trait1"	"locus_id1"	"trait2"	"locus_id2"	"region"	"nSNPs"	"gene"
2235	"rs2240665"	"rs4806934"	4.13488603141071e-11	1.75094691151936e-07	5.88258117735142e-05	0.247597398466987	0.752343600585199	1	1	"cortical_grl"	69	"trunk_grl"	314	"chr19:2929831-3956849"	2235	"NFIC"
